recordedBy	recordNumber	decimalLatitude	decimalLongitude	identifiedBy	specificEpithet	ID	Species
A_A_de_Oliveira	278	-2.31537	-59.6855	D. C. Daly	aracouchini	A_A_de_Oliveira_278	Protium aracouchini
A_B_Anderson	214	-3.18524	-60.1302	D. C. Daly	heptaphyllum	A_B_Anderson_214	Protium heptaphyllum
A_C_Londoño	1486	-0.57	-72.13	D. C. Daly	aracouchini	A_C_Londoño_1486	Protium aracouchini
A_C_Londoño	493	-0.57	-72.13	D. C. Daly	aracouchini	A_C_Londoño_493	Protium aracouchini
A_C_Weber	s_n	0.3	-66.7	D. C. Daly	aracouchini	A_C_Weber_s_n	Protium aracouchini
A_Castillo	1609	6.42	-67.42	D. C. Daly	heptaphyllum	A_Castillo_1609	Protium heptaphyllum
A_Castillo	2297	6.42	-67.42	D. C. Daly	heptaphyllum	A_Castillo_2297	Protium heptaphyllum
A_Castillo	2372	6.42	-67.42	D. C. Daly	heptaphyllum	A_Castillo_2372	Protium heptaphyllum
A_Castillo	4611	4.975	-67.667	D. C. Daly	heptaphyllum	A_Castillo_4611	Protium heptaphyllum
A_Castillo	4650	4.975	-67.667	D. C. Daly	heptaphyllum	A_Castillo_4650	Protium heptaphyllum
A_Castillo	5004	4.975	-67.667	D. C. Daly	heptaphyllum	A_Castillo_5004	Protium heptaphyllum
A_Castillo	5005	4.975	-67.667	D. C. Daly	heptaphyllum	A_Castillo_5005	Protium heptaphyllum
A_Chaviel	144	4.97	-65.33	D. C. Daly	heptaphyllum	A_Chaviel_144	Protium heptaphyllum
A_Dik	1579	-1	-76.18	D. C. Daly	aracouchini	A_Dik_1579	Protium aracouchini
A_Dik	1606	-1.03	-76.18	D. C. Daly	aracouchini	A_Dik_1606	Protium aracouchini
A_Dik	1616	-1.03	-76.18	D. C. Daly	aracouchini	A_Dik_1616	Protium aracouchini
A_Euponino	186	-16.38	-39.13	D. C. Daly	aracouchini	A_Euponino_186	Protium aracouchini
A_F_Fuentes	5532	-14.4478	-67.5267	D. C. Daly	heptaphyllum	A_F_Fuentes_5532	Protium heptaphyllum
A_Fernandez	4251	7.95	-64.37	D. C. Daly	heptaphyllum	A_Fernandez_4251	Protium heptaphyllum
A_Fernandez	4335	4.97	-63.4	D. C. Daly	aracouchini	A_Fernandez_4335	Protium aracouchini
A_Fernandez	4897	5.3	-63.98	D. C. Daly	aracouchini	A_Fernandez_4897	Protium aracouchini
A_Fernandez	5796	6.57	-66.38	D. C. Daly	aracouchini	A_Fernandez_5796	Protium aracouchini
A_Fernandez	6622	3.05	-67.48	D. C. Daly	heptaphyllum	A_Fernandez_6622	Protium heptaphyllum
A_Fernandez	6921	2.96667	-64.6833	D. C. Daly	aracouchini	A_Fernandez_6921	Protium aracouchini
A_Gröger	338	5.97	-67.37	D. C. Daly	heptaphyllum	A_Gröger_338	Protium heptaphyllum
A_Gröger	963	4.37	-67.75	D. C. Daly	aracouchini	A_Gröger_963	Protium aracouchini
A_H_Gentry	12970	-1.85958	-60.086	D. C. Daly	heptaphyllum	A_H_Gentry_12970	Protium heptaphyllum
A_H_Gentry	12974	-1.85958	-60.086	D. C. Daly	heptaphyllum	A_H_Gentry_12974	Protium heptaphyllum
A_H_Gentry	21355	-4.92	-73.67	D. C. Daly	aracouchini	A_H_Gentry_21355	Protium aracouchini
A_H_Gentry	37260	-10.83	-75	D. C. Daly	aracouchini	A_H_Gentry_37260	Protium aracouchini
A_H_Gentry	40619	3.1	-77.22	D. C. Daly	aracouchini	A_H_Gentry_40619	Protium aracouchini
A_H_Gentry	46353	5.67	-67.67	D. C. Daly	heptaphyllum	A_H_Gentry_46353	Protium heptaphyllum
A_H_Gentry	46911	0.83	-66.08	D. C. Daly	aracouchini	A_H_Gentry_46911	Protium aracouchini
A_H_Gentry	46957	0.83	-66.13	D. C. Daly	aracouchini	A_H_Gentry_46957	Protium aracouchini
A_H_Gentry	50184	-8.05	-34.92	D. C. Daly	heptaphyllum	A_H_Gentry_50184	Protium heptaphyllum
A_H_Gentry	51087	-12.82	-69.72	D. C. Daly	aracouchini	A_H_Gentry_51087	Protium aracouchini
A_H_Gentry	51350	-12.82	-69.72	D. C. Daly	aracouchini	A_H_Gentry_51350	Protium aracouchini
A_H_Gentry	57804	-12.83	-69.28	D. C. Daly	aracouchini	A_H_Gentry_57804	Protium aracouchini
A_H_Gentry	62798	3.97	-77	D. C. Daly	aracouchini	A_H_Gentry_62798	Protium aracouchini
A_H_Gentry	65167	-0.42	-72.32	D. C. Daly	heptaphyllum	A_H_Gentry_65167	Protium heptaphyllum
A_Knob	738	-1.91556	-59.4734	D. C. Daly	heptaphyllum	A_Knob_738	Protium heptaphyllum
A_Krapovickas	45701	-25.5	-56.9167	D. C. Daly	heptaphyllum	A_Krapovickas_45701	Protium heptaphyllum
A_L_Bernardi	3_81	-4.92	-73.75	D. C. Daly	aracouchini	A_L_Bernardi_3_81	Protium aracouchini
A_Le_Goff	107	5.38	-52.92	D. C. Daly	heptaphyllum	A_Le_Goff_107	Protium heptaphyllum
A_Lisboa	s_n_	-5.5058	-45.2431	D. C. Daly	heptaphyllum	A_Lisboa_s_n_	Protium heptaphyllum
A_Loureiro	s_n	-3.10194	-60.025	D. C. Daly	aracouchini	A_Loureiro_s_n	Protium aracouchini
A_M_Amorim	1499	-11.3508	-37.4481	D. C. Daly	heptaphyllum	A_M_Amorim_1499	Protium heptaphyllum
A_M_Amorim	2165	-12.5633	-41.3897	D. C. Daly	heptaphyllum	A_M_Amorim_2165	Protium heptaphyllum
A_M_Amorim	361	-14.4781	-39.0331	D. C. Daly	aracouchini	A_M_Amorim_361	Protium aracouchini
A_M_Carrión	283	-14.7506	-61.1436	D. C. Daly	heptaphyllum	A_M_Carrión_283	Protium heptaphyllum
A_M_Carrión	342	-14.7506	-61.1436	D. C. Daly	heptaphyllum	A_M_Carrión_342	Protium heptaphyllum
A_M_V_de_Carvalho	1010	-12.5633	-41.3897	D. C. Daly	heptaphyllum	A_M_V_de_Carvalho_1010	Protium heptaphyllum
A_M_V_de_Carvalho	4554	-15.15	-39.08	D. C. Daly	aracouchini	A_M_V_de_Carvalho_4554	Protium aracouchini
A_M_V_de_Carvalho	4668	-14.7819	-39.0692	D. C. Daly	aracouchini	A_M_V_de_Carvalho_4668	Protium aracouchini
A_M_V_de_Carvalho	855	-14.7892	-39.0492	D. C. Daly	heptaphyllum	A_M_V_de_Carvalho_855	Protium heptaphyllum
A_M_V_de_Carvalho	942	-17.511	-39.1935	D. C. Daly	heptaphyllum	A_M_V_de_Carvalho_942	Protium heptaphyllum
A_Nave	1718	-11.73	-57.57	D. C. Daly	heptaphyllum	A_Nave_1718	Protium heptaphyllum
A_Nave	2162	-14.4689	-59.8517	D. C. Daly	heptaphyllum	A_Nave_2162	Protium heptaphyllum
A_P_Maceda	685	-12.57	-70.1	D. C. Daly	aracouchini	A_P_Maceda_685	Protium aracouchini
A_Poma	149_A	-13.0258	-68.8431	D. C. Daly	aracouchini	A_Poma_149_A	Protium aracouchini
A_S_Silva	3	-6.02263	-50.2909	D. C. Daly	heptaphyllum	A_S_Silva_3	Protium heptaphyllum
A_Sumabila	1	6.13	-71.75	D. C. Daly	heptaphyllum	A_Sumabila_1	Protium heptaphyllum
A_Webber	1086	-1.91556	-59.4734	D. C. Daly	heptaphyllum	A_Webber_1086	Protium heptaphyllum
B_A_Krukoff	6857	-7.52	-63.03	D. C. Daly	aracouchini	B_A_Krukoff_6857	Protium aracouchini
B_A_S_Pereira	2874	-13.83	-47.25	D. C. Daly	heptaphyllum	B_A_S_Pereira_2874	Protium heptaphyllum
B_A_S_Pereira	3249	-17.33	-47.33	D. C. Daly	heptaphyllum	B_A_S_Pereira_3249	Protium heptaphyllum
B_A_S_Pereira	3256	-17.33	-47.33	D. C. Daly	heptaphyllum	B_A_S_Pereira_3256	Protium heptaphyllum
B_D_Sucre	10476	-21.6144	-55.1681	D. C. Daly	heptaphyllum	B_D_Sucre_10476	Protium heptaphyllum
B_G_Bordenave	140	5.4	-52.9	D. C. Daly	heptaphyllum	B_G_Bordenave_140	Protium heptaphyllum
B_G_Bordenave	287	4.88	-52.25	D. C. Daly	heptaphyllum	B_G_Bordenave_287	Protium heptaphyllum
B_G_Stergios_D_	10042	6.63	-63.48	D. C. Daly	heptaphyllum	B_G_Stergios_D_10042	Protium heptaphyllum
B_G_Stergios_D_	10438	6.375	-63.5583	D. C. Daly	heptaphyllum	B_G_Stergios_D_10438	Protium heptaphyllum
B_G_Stergios_D_	10752	6.36	-63.7575	D. C. Daly	heptaphyllum	B_G_Stergios_D_10752	Protium heptaphyllum
B_G_Stergios_D_	10955	6.6389	-63.1194	D. C. Daly	aracouchini	B_G_Stergios_D_10955	Protium aracouchini
B_G_Stergios_D_	11010	6.67	-63.1583	D. C. Daly	heptaphyllum	B_G_Stergios_D_11010	Protium heptaphyllum
B_G_Stergios_D_	11565	3.92	-67.67	D. C. Daly	aracouchini	B_G_Stergios_D_11565	Protium aracouchini
B_G_Stergios_D_	13017	5.95	-64.43	D. C. Daly	heptaphyllum	B_G_Stergios_D_13017	Protium heptaphyllum
B_G_Stergios_D_	13794	6.155	-65.895	D. C. Daly	aracouchini	B_G_Stergios_D_13794	Protium aracouchini
B_G_Stergios_D_	14561	3.03	-65.2	D. C. Daly	aracouchini	B_G_Stergios_D_14561	Protium aracouchini
B_Hoffman	4551	4.17	-59.05	D. C. Daly	heptaphyllum	B_Hoffman_4551	Protium heptaphyllum
B_Hoffman	6488	3.84462	-55.6133	D. C. Daly	heptaphyllum	B_Hoffman_6488	Protium heptaphyllum
B_Hoffman	6489	3.84462	-55.6133	D. C. Daly	heptaphyllum	B_Hoffman_6489	Protium heptaphyllum
B_K_Holst	3047	5.63	-66.1	D. C. Daly	aracouchini	B_K_Holst_3047	Protium aracouchini
B_K_Holst	3051	5.63	-66.1	D. C. Daly	aracouchini	B_K_Holst_3051	Protium aracouchini
B_K_Holst	3061	5.63	-66.1	D. C. Daly	aracouchini	B_K_Holst_3061	Protium aracouchini
B_K_Holst	3318	5.68	-66.15	D. C. Daly	heptaphyllum	B_K_Holst_3318	Protium heptaphyllum
B_M_Boom	10444	5.15	-64.57	D. C. Daly	aracouchini	B_M_Boom_10444	Protium aracouchini
B_M_Boom	10475	5.33	-64.75	D. C. Daly	aracouchini	B_M_Boom_10475	Protium aracouchini
B_M_Boom	10599	5.13	-64.93	D. C. Daly	aracouchini	B_M_Boom_10599	Protium aracouchini
B_M_Boom	5134	0.83	-66.17	D. C. Daly	aracouchini	B_M_Boom_5134	Protium aracouchini
B_M_Boom	6042	6.75	-66.62	D. C. Daly	heptaphyllum	B_M_Boom_6042	Protium heptaphyllum
B_M_Boom	8592	-2.41625	-59.7458	D. C. Daly	aracouchini	B_M_Boom_8592	Protium aracouchini
B_Maguire	33140	5.83333	-63.8	D. C. Daly	heptaphyllum	B_Maguire_33140	Protium heptaphyllum
B_Oldeman	B_2632	4.21667	-51.85	D. C. Daly	aracouchini	B_Oldeman_B_2632	Protium aracouchini
B_R_Pérez_Marisevich	1263	-25.33	-57.47	D. C. Daly	heptaphyllum	B_R_Pérez_Marisevich_1263	Protium heptaphyllum
B_Riéra	1232	5.33	-53	D. C. Daly	heptaphyllum	B_Riéra_1232	Protium heptaphyllum
B_S_Amorim	1394	-9.2544	-36.4306	D. C. Daly	heptaphyllum	B_S_Amorim_1394	Protium heptaphyllum
B_S_Amorim	1440	-9.255	-36.4311	D. C. Daly	heptaphyllum	B_S_Amorim_1440	Protium heptaphyllum
B_W_Nelson	1360	-3.06192	-60.1077	D. C. Daly	heptaphyllum	B_W_Nelson_1360	Protium heptaphyllum
B_W_Nelson	1447	-3.03	-60.58	D. C. Daly	heptaphyllum	B_W_Nelson_1447	Protium heptaphyllum
B_W_Nelson	313	-13	-60	D. C. Daly	aracouchini	B_W_Nelson_313	Protium aracouchini
C_A_Cid_Ferreira	10147B	-7.63111	-72.67	D. C. Daly	aracouchini	C_A_Cid_Ferreira_10147B	Protium aracouchini
C_A_Cid_Ferreira	10694	-7.6311	-72.6697	D. C. Daly	heptaphyllum	C_A_Cid_Ferreira_10694	Protium heptaphyllum
C_A_Cid_Ferreira	227	-2.30659	-58.727	D. C. Daly	heptaphyllum	C_A_Cid_Ferreira_227	Protium heptaphyllum
C_A_Cid_Ferreira	4035	-4.48	-58.55	D. C. Daly	heptaphyllum	C_A_Cid_Ferreira_4035	Protium heptaphyllum
C_A_Cid_Ferreira	4301	-13.1169	-60.5417	D. C. Daly	aracouchini	C_A_Cid_Ferreira_4301	Protium aracouchini
C_A_Cid_Ferreira	4421	-12.22	-60.98	D. C. Daly	heptaphyllum	C_A_Cid_Ferreira_4421	Protium heptaphyllum
C_A_Cid_Ferreira	4497	-12.13	-60.61	D. C. Daly	aracouchini	C_A_Cid_Ferreira_4497	Protium aracouchini
C_A_Cid_Ferreira	4605	-11.2	-62.03	D. C. Daly	aracouchini	C_A_Cid_Ferreira_4605	Protium aracouchini
C_A_Cid_Ferreira	4671	-11.2	-60	D. C. Daly	aracouchini	C_A_Cid_Ferreira_4671	Protium aracouchini
C_A_Cid_Ferreira	5063	-9.91333	-63.0408	D. C. Daly	aracouchini	C_A_Cid_Ferreira_5063	Protium aracouchini
C_A_Cid_Ferreira	5488	-6.96667	-62.1333	D. C. Daly	aracouchini	C_A_Cid_Ferreira_5488	Protium aracouchini
C_A_Cid_Ferreira	5697	-7.55	-60.6667	D. C. Daly	aracouchini	C_A_Cid_Ferreira_5697	Protium aracouchini
C_A_Cid_Ferreira	5880	-7.25	-60	D. C. Daly	aracouchini	C_A_Cid_Ferreira_5880	Protium aracouchini
C_A_Cid_Ferreira	6367	-11.58	-50.75	D. C. Daly	heptaphyllum	C_A_Cid_Ferreira_6367	Protium heptaphyllum
C_A_Cid_Ferreira	6442	-10.18	-50.85	D. C. Daly	heptaphyllum	C_A_Cid_Ferreira_6442	Protium heptaphyllum
C_A_Cid_Ferreira	6599	-1.91556	-59.4734	D. C. Daly	aracouchini	C_A_Cid_Ferreira_6599	Protium aracouchini
C_A_Cid_Ferreira	6659	-1.91556	-59.4734	D. C. Daly	aracouchini	C_A_Cid_Ferreira_6659	Protium aracouchini
C_A_Cid_Ferreira	6707	-1.91556	-59.4734	D. C. Daly	aracouchini	C_A_Cid_Ferreira_6707	Protium aracouchini
C_A_Cid_Ferreira	7015	-1.5	-59.5	D. C. Daly	heptaphyllum	C_A_Cid_Ferreira_7015	Protium heptaphyllum
C_A_Cid_Ferreira	7410	-8.92046	-63.4182	D. C. Daly	aracouchini	C_A_Cid_Ferreira_7410	Protium aracouchini
C_A_Cid_Ferreira	7573	-1.91556	-59.4734	D. C. Daly	aracouchini	C_A_Cid_Ferreira_7573	Protium aracouchini
C_A_Cid_Ferreira	8059	-0.016667	-57.1333	D. C. Daly	aracouchini	C_A_Cid_Ferreira_8059	Protium aracouchini
C_A_Cid_Ferreira	8198	-1.91556	-59.4734	D. C. Daly	heptaphyllum	C_A_Cid_Ferreira_8198	Protium heptaphyllum
C_A_Cid_Ferreira	8674	-12.08	-63.58	D. C. Daly	aracouchini	C_A_Cid_Ferreira_8674	Protium aracouchini
C_A_Cid_Ferreira	9137	0.136556	-60.5636	D. C. Daly	heptaphyllum	C_A_Cid_Ferreira_9137	Protium heptaphyllum
C_A_Cid_Ferreira	9404	-1.88	-54.65	D. C. Daly	heptaphyllum	C_A_Cid_Ferreira_9404	Protium heptaphyllum
C_A_Cid_Ferreira	9407	-1.88	-54.65	D. C. Daly	heptaphyllum	C_A_Cid_Ferreira_9407	Protium heptaphyllum
C_A_Cid_Ferreira	9421	-1.88	-54.65	D. C. Daly	heptaphyllum	C_A_Cid_Ferreira_9421	Protium heptaphyllum
C_A_Cid_Ferreira	9461	-1.92	-54.25	D. C. Daly	heptaphyllum	C_A_Cid_Ferreira_9461	Protium heptaphyllum
C_A_Cid_Ferreira	9467	-1.92	-54.25	D. C. Daly	heptaphyllum	C_A_Cid_Ferreira_9467	Protium heptaphyllum
C_A_Cid_Ferreira	9813	-1.7	-55.83	D. C. Daly	heptaphyllum	C_A_Cid_Ferreira_9813	Protium heptaphyllum
C_A_Cid_Ferreira	9832	-1.75	-55.72	D. C. Daly	heptaphyllum	C_A_Cid_Ferreira_9832	Protium heptaphyllum
C_A_Mackenzie	s_n_	-2.32664	-60.0917	D. C. Daly	aracouchini	C_A_Mackenzie_s_n_	Protium aracouchini
C_A_Mackenzie	s_n	-2.32664	-60.0917	D. C. Daly	heptaphyllum	C_A_Mackenzie_s_n	Protium heptaphyllum
C_A_Sothers	142	-2.95487	-59.9282	D. C. Daly	heptaphyllum	C_A_Sothers_142	Protium heptaphyllum
C_C_Berg	P18159	-1.80155	-60.1458	D. C. Daly	heptaphyllum	C_C_Berg_P18159	Protium heptaphyllum
C_C_Berg	P18448	-10.2	-59.35	D. C. Daly	aracouchini	C_C_Berg_P18448	Protium aracouchini
C_C_Berg	P18454	-10.2	-59.35	D. C. Daly	heptaphyllum	C_C_Berg_P18454	Protium heptaphyllum
C_C_Berg	P18490	-10.2	-59.35	D. C. Daly	aracouchini	C_C_Berg_P18490	Protium aracouchini
C_C_Berg	P18794	-3.08506	-59.9302	D. C. Daly	aracouchini	C_C_Berg_P18794	Protium aracouchini
C_C_Berg	P19552	-1.85958	-60.086	D. C. Daly	aracouchini	C_C_Berg_P19552	Protium aracouchini
C_C_Berg	P19898	-10.2	-59.35	D. C. Daly	aracouchini	C_C_Berg_P19898	Protium aracouchini
C_Chumacero	793A	-13.5667	-62.05	D. C. Daly	heptaphyllum	C_Chumacero_793A	Protium heptaphyllum
C_E_Calderón	2949	-3.57956	-64.775	D. C. Daly	aracouchini	C_E_Calderón_2949	Protium aracouchini
C_Farney	2634	-17.8919	-39.3717	D. C. Daly	heptaphyllum	C_Farney_2634	Protium heptaphyllum
C_Farney	298195	-10.5933	-36.9403	D. C. Daly	heptaphyllum	C_Farney_298195	Protium heptaphyllum
C_Farney	3369	-21.0992	-41.0467	D. C. Daly	heptaphyllum	C_Farney_3369	Protium heptaphyllum
C_Farney	4496	-22.3708	-41.7867	D. C. Daly	heptaphyllum	C_Farney_4496	Protium heptaphyllum
C_Grández	1897	-4.17	-73.37	D. C. Daly	aracouchini	C_Grández_1897	Protium aracouchini
C_Knab-Vispo	546	6.5833	-64.75	D. C. Daly	heptaphyllum	C_Knab-Vispo_546	Protium heptaphyllum
C_Knab-Vispo	618	6.5833	-64.75	D. C. Daly	aracouchini	C_Knab-Vispo_618	Protium aracouchini
C_Knab-Vispo	67	6.67	-65.07	D. C. Daly	heptaphyllum	C_Knab-Vispo_67	Protium heptaphyllum
C_Knab-Vispo	678	6.9167	-64.8333	D. C. Daly	heptaphyllum	C_Knab-Vispo_678	Protium heptaphyllum
C_P_G_Feuillet	4042	5.38	-53	D. C. Daly	heptaphyllum	C_P_G_Feuillet_4042	Protium heptaphyllum
C_R_Sperling	6286	-6.07	-50.05	D. C. Daly	aracouchini	C_R_Sperling_6286	Protium aracouchini
C_S_Rosário	1780	3.0875	-56.4569	D. C. Daly	heptaphyllum	C_S_Rosário_1780	Protium heptaphyllum
C_S_Rosário	1902	3.1	-56.4833	D. C. Daly	heptaphyllum	C_S_Rosário_1902	Protium heptaphyllum
C_S_Rosário	2038	3.0008	-56.4508	D. C. Daly	heptaphyllum	C_S_Rosário_2038	Protium heptaphyllum
Collector_unspecified	1535	1.92182	-67.0579	D. C. Daly	aracouchini	Collector_unspecified_1535	Protium aracouchini
Collector_unspecified	17	-4.92	-73.67	D. C. Daly	aracouchini	Collector_unspecified_17	Protium aracouchini
Collector_unspecified	1838	5.47	-53.6	D. C. Daly	aracouchini	Collector_unspecified_1838	Protium aracouchini
Collector_unspecified	1950	5.47	-53.6	D. C. Daly	aracouchini	Collector_unspecified_1950	Protium aracouchini
Collector_unspecified	s_n	-3.10194	-60.025	D. C. Daly	heptaphyllum	Collector_unspecified_s_n	Protium heptaphyllum
D_A_Folli	2087	-19.3911	-40.0719	D. C. Daly	heptaphyllum	D_A_Folli_2087	Protium heptaphyllum
D_A_Folli	626	-19.1987	-39.9719	D. C. Daly	heptaphyllum	D_A_Folli_626	Protium heptaphyllum
D_A_Neill	14012	-3.0503	-77.9436	D. C. Daly	aracouchini	D_A_Neill_14012	Protium aracouchini
D_A_Neill	7255	-0.42	-77	D. C. Daly	aracouchini	D_A_Neill_7255	Protium aracouchini
D_A_Neill	7316	-0.42	-77	D. C. Daly	aracouchini	D_A_Neill_7316	Protium aracouchini
D_Alvarenga	1232	-14.0925	-49.2789	D. C. Daly	heptaphyllum	D_Alvarenga_1232	Protium heptaphyllum
D_Alvarenga	931	-15.7797	-47.9294	D. C. Daly	heptaphyllum	D_Alvarenga_931	Protium heptaphyllum
D_C_Daly	1080	-3.99065	-49.6736	D. C. Daly	heptaphyllum	D_C_Daly_1080	Protium heptaphyllum
D_C_Daly	2190	-18.38	-59.5	D. C. Daly	heptaphyllum	D_C_Daly_2190	Protium heptaphyllum
D_C_Daly	2231	-18.33	-59.47	D. C. Daly	heptaphyllum	D_C_Daly_2231	Protium heptaphyllum
D_C_Daly	5413	0.3	-66.7	D. C. Daly	aracouchini	D_C_Daly_5413	Protium aracouchini
D_C_Daly	5483	0.97	-67.17	D. C. Daly	aracouchini	D_C_Daly_5483	Protium aracouchini
D_C_Daly	5495	0.25	-66.85	D. C. Daly	aracouchini	D_C_Daly_5495	Protium aracouchini
D_C_Daly	5540	0.833333	-66.8833	D. C. Daly	aracouchini	D_C_Daly_5540	Protium aracouchini
D_C_Daly	768	-4.33	-47.75	D. C. Daly	aracouchini	D_C_Daly_768	Protium aracouchini
D_C_Daly	980	-3.76418	-49.5592	D. C. Daly	heptaphyllum	D_C_Daly_980	Protium heptaphyllum
D_Cárdenas	4009	-0.58	-72.4	D. C. Daly	heptaphyllum	D_Cárdenas_4009	Protium heptaphyllum
D_Cárdenas	4127	-0.6	-72.4	D. C. Daly	heptaphyllum	D_Cárdenas_4127	Protium heptaphyllum
D_Cárdenas	4130	-0.6	-72.4	D. C. Daly	heptaphyllum	D_Cárdenas_4130	Protium heptaphyllum
D_Cárdenas	4132	-0.6	-72.4	D. C. Daly	heptaphyllum	D_Cárdenas_4132	Protium heptaphyllum
D_Clarke	464	4.75	-59.02	D. C. Daly	heptaphyllum	D_Clarke_464	Protium heptaphyllum
D_Coêlho	s_n	-2.62813	-60.0401	D. C. Daly	heptaphyllum	D_Coêlho_s_n	Protium heptaphyllum
D_Coomes	1	3.17	-65.55	D. C. Daly	aracouchini	D_Coomes_1	Protium aracouchini
D_Coomes	69	3.17	-65.55	D. C. Daly	aracouchini	D_Coomes_69	Protium aracouchini
D_D_Ackerly	151	-2.48333	-54.95	D. C. Daly	heptaphyllum	D_D_Ackerly_151	Protium heptaphyllum
D_F_Austin	7003	1.48244	-51.609	D. C. Daly	heptaphyllum	D_F_Austin_7003	Protium heptaphyllum
D_F_Coêlho	s_n	-2.95487	-59.9282	D. C. Daly	aracouchini	D_F_Coêlho_s_n	Protium aracouchini
D_Loubry	1543	5.02	-53.02	D. C. Daly	heptaphyllum	D_Loubry_1543	Protium heptaphyllum
D_Restrepo	166	-0.42	-72.33	D. C. Daly	heptaphyllum	D_Restrepo_166	Protium heptaphyllum
D_Restrepo	25	-0.42	-72.33	D. C. Daly	heptaphyllum	D_Restrepo_25	Protium heptaphyllum
D_Restrepo	251	-0.42	-72.5	D. C. Daly	heptaphyllum	D_Restrepo_251	Protium heptaphyllum
D_W_Stevenson	930	0.33	-67.3	D. C. Daly	aracouchini	D_W_Stevenson_930	Protium aracouchini
E_de_Oliveira	3531	-0.880931	-52.6008	D. C. Daly	aracouchini	E_de_Oliveira_3531	Protium aracouchini
E_de_Oliveira	3577	-0.942674	-52.4369	D. C. Daly	heptaphyllum	E_de_Oliveira_3577	Protium heptaphyllum
E_de_Oliveira	3893	-0.867854	-52.5397	D. C. Daly	heptaphyllum	E_de_Oliveira_3893	Protium heptaphyllum
E_Foldats	9142	4.37	-67.1	D. C. Daly	aracouchini	E_Foldats_9142	Protium aracouchini
E_Foldats	9455	4.57	-67.3	D. C. Daly	aracouchini	E_Foldats_9455	Protium aracouchini
E_Freire	177	-0.7	-77.5	D. C. Daly	aracouchini	E_Freire_177	Protium aracouchini
E_Gudiño	67	-0.33	-77.08	D. C. Daly	aracouchini	E_Gudiño_67	Protium aracouchini
E_L_Sette_Silva	203	0.528028	-63.4907	D. C. Daly	heptaphyllum	E_L_Sette_Silva_203	Protium heptaphyllum
E_L_Sette_Silva	225	0.245732	-63.2368	D. C. Daly	heptaphyllum	E_L_Sette_Silva_225	Protium heptaphyllum
E_Lleras	P17428	-2.50117	-66.1015	D. C. Daly	aracouchini	E_Lleras_P17428	Protium aracouchini
E_Lleras	P17568	-3.05183	-60.0988	D. C. Daly	heptaphyllum	E_Lleras_P17568	Protium heptaphyllum
E_M_N_Ferraz	327	-7.58	-35.5	D. C. Daly	aracouchini	E_M_N_Ferraz_327	Protium aracouchini
E_M_N_Ferraz	480	-7.58	-35.5	D. C. Daly	aracouchini	E_M_N_Ferraz_480	Protium aracouchini
E_M_N_Ferraz	506	-7.58	-35.5	D. C. Daly	aracouchini	E_M_N_Ferraz_506	Protium aracouchini
E_M_N_Ferraz	509	-7.58	-35.5	D. C. Daly	aracouchini	E_M_N_Ferraz_509	Protium aracouchini
E_M_N_Ferraz	525	-7.58	-35.5	D. C. Daly	aracouchini	E_M_N_Ferraz_525	Protium aracouchini
E_M_N_Ferraz	533	-7.58	-35.5	D. C. Daly	aracouchini	E_M_N_Ferraz_533	Protium aracouchini
E_M_Zardini	5487	-25.42	-57.12	D. C. Daly	heptaphyllum	E_M_Zardini_5487	Protium heptaphyllum
E_M_Zardini	5537	-25.42	-57.12	D. C. Daly	heptaphyllum	E_M_Zardini_5537	Protium heptaphyllum
E_M_Zardini	9987	-25.42	-57.12	D. C. Daly	heptaphyllum	E_M_Zardini_9987	Protium heptaphyllum
E_Marin	570	3.58	-66.55	D. C. Daly	aracouchini	E_Marin_570	Protium aracouchini
E_Melgueiro	108	4.55	-67.62	D. C. Daly	aracouchini	E_Melgueiro_108	Protium aracouchini
E_P_Killip	37290	6.38333	-63.5667	D. C. Daly	heptaphyllum	E_P_Killip_37290	Protium heptaphyllum
E_Palheta	s_n	-2.39006	-59.9866	D. C. Daly	aracouchini	E_Palheta_s_n	Protium aracouchini
F_Dionizia	52	-8.76194	-63.9039	D. C. Daly	aracouchini	F_Dionizia_52	Protium aracouchini
F_Dionizia	94	-8.76194	-63.9039	D. C. Daly	aracouchini	F_Dionizia_94	Protium aracouchini
F_E_L_de_Miranda	395	-3.76457	-49.6736	D. C. Daly	heptaphyllum	F_E_L_de_Miranda_395	Protium heptaphyllum
F_E_L_de_Miranda	408	-3.76457	-49.6736	D. C. Daly	heptaphyllum	F_E_L_de_Miranda_408	Protium heptaphyllum
F_J_Breteler	4803	5.03	-67.77	D. C. Daly	aracouchini	F_J_Breteler_4803	Protium aracouchini
F_J_Guánchez	1531	5.6	-67.508	D. C. Daly	heptaphyllum	F_J_Guánchez_1531	Protium heptaphyllum
F_J_Guánchez	3289	4.8	-67.47	D. C. Daly	heptaphyllum	F_J_Guánchez_3289	Protium heptaphyllum
F_J_Guánchez	415	5.53333	-67.3333	D. C. Daly	aracouchini	F_J_Guánchez_415	Protium aracouchini
F_Mamani_M_	1189	-18.33	-59.75	D. C. Daly	heptaphyllum	F_Mamani_M_1189	Protium heptaphyllum
F_S_Juchum	29	-13.619	-38.944	D. C. Daly	heptaphyllum	F_S_Juchum_29	Protium heptaphyllum
F_Souza_Santos	178	-16.2783	-39.0244	D. C. Daly	heptaphyllum	F_Souza_Santos_178	Protium heptaphyllum
G_A_Aymard_Corredor	12707	1.92	-67.03	D. C. Daly	heptaphyllum	G_A_Aymard_Corredor_12707	Protium heptaphyllum
G_A_Aymard_Corredor	152	9.07	-69.82	D. C. Daly	heptaphyllum	G_A_Aymard_Corredor_152	Protium heptaphyllum
G_A_Aymard_Corredor	16879	3.67	-67.37	D. C. Daly	heptaphyllum	G_A_Aymard_Corredor_16879	Protium heptaphyllum
G_A_Aymard_Corredor	17266	3.63	-66.87	D. C. Daly	heptaphyllum	G_A_Aymard_Corredor_17266	Protium heptaphyllum
G_A_Aymard_Corredor	1957	9.07	-69.82	D. C. Daly	heptaphyllum	G_A_Aymard_Corredor_1957	Protium heptaphyllum
G_A_Aymard_Corredor	1958	9.07	-69.82	D. C. Daly	heptaphyllum	G_A_Aymard_Corredor_1958	Protium heptaphyllum
G_A_Aymard_Corredor	5599	9.07	-69.82	D. C. Daly	heptaphyllum	G_A_Aymard_Corredor_5599	Protium heptaphyllum
G_A_Aymard_Corredor	6033	6.25	-63.1	D. C. Daly	aracouchini	G_A_Aymard_Corredor_6033	Protium aracouchini
G_A_Aymard_Corredor	6365	3.83	-67.78	D. C. Daly	aracouchini	G_A_Aymard_Corredor_6365	Protium aracouchini
G_A_Aymard_Corredor	6398	3.83	-67.78	D. C. Daly	aracouchini	G_A_Aymard_Corredor_6398	Protium aracouchini
G_A_Aymard_Corredor	6520	3.83	-67.78	D. C. Daly	heptaphyllum	G_A_Aymard_Corredor_6520	Protium heptaphyllum
G_A_Aymard_Corredor	7933	3.05	-65.42	D. C. Daly	heptaphyllum	G_A_Aymard_Corredor_7933	Protium heptaphyllum
G_A_Aymard_Corredor	7950	3.05	-65.42	D. C. Daly	aracouchini	G_A_Aymard_Corredor_7950	Protium aracouchini
G_A_Aymard_Corredor	8060	3.13	-65.45	D. C. Daly	heptaphyllum	G_A_Aymard_Corredor_8060	Protium heptaphyllum
G_A_Aymard_Corredor	8151	3.13	-65.45	D. C. Daly	heptaphyllum	G_A_Aymard_Corredor_8151	Protium heptaphyllum
G_A_Aymard_Corredor	8326	3.08	-65.58	D. C. Daly	heptaphyllum	G_A_Aymard_Corredor_8326	Protium heptaphyllum
G_A_Aymard_Corredor	8981	2.58	-67.12	D. C. Daly	heptaphyllum	G_A_Aymard_Corredor_8981	Protium heptaphyllum
G_A_Aymard_Corredor	9099	2.67	-66.83	D. C. Daly	aracouchini	G_A_Aymard_Corredor_9099	Protium aracouchini
G_A_Aymard_Corredor	9819	1.92	-67.07	D. C. Daly	aracouchini	G_A_Aymard_Corredor_9819	Protium aracouchini
G_Cremers	12467	5.7	-53.85	D. C. Daly	heptaphyllum	G_Cremers_12467	Protium heptaphyllum
G_Davidse	12241_A	7.03	-67.08	D. C. Daly	heptaphyllum	G_Davidse_12241_A	Protium heptaphyllum
G_Davidse	12322	6.55	-67.28	D. C. Daly	heptaphyllum	G_Davidse_12322	Protium heptaphyllum
G_Davidse	12375	6.55	-67.28	D. C. Daly	heptaphyllum	G_Davidse_12375	Protium heptaphyllum
G_Davidse	12961	6.97	-67.82	D. C. Daly	heptaphyllum	G_Davidse_12961	Protium heptaphyllum
G_Davidse	13574	10.08	-66.02	D. C. Daly	heptaphyllum	G_Davidse_13574	Protium heptaphyllum
G_Davidse	13623	10.08	-66.02	D. C. Daly	heptaphyllum	G_Davidse_13623	Protium heptaphyllum
G_Davidse	13717	10.08	-66.02	D. C. Daly	heptaphyllum	G_Davidse_13717	Protium heptaphyllum
G_Davidse	13832	6.32	-67.83	D. C. Daly	heptaphyllum	G_Davidse_13832	Protium heptaphyllum
G_Davidse	14269	6.18	-68.78	D. C. Daly	heptaphyllum	G_Davidse_14269	Protium heptaphyllum
G_Davidse	14609	6.73	-67.33	D. C. Daly	heptaphyllum	G_Davidse_14609	Protium heptaphyllum
G_Davidse	14822	7.75	-69.28	D. C. Daly	heptaphyllum	G_Davidse_14822	Protium heptaphyllum
G_Davidse	15003	5.6	-67.62	D. C. Daly	heptaphyllum	G_Davidse_15003	Protium heptaphyllum
G_Davidse	15325	5.85	-67.4	D. C. Daly	heptaphyllum	G_Davidse_15325	Protium heptaphyllum
G_Davidse	15342	5.85	-67.42	D. C. Daly	heptaphyllum	G_Davidse_15342	Protium heptaphyllum
G_Davidse	15488	6.65	-67.28	D. C. Daly	heptaphyllum	G_Davidse_15488	Protium heptaphyllum
G_Davidse	15494	6.65	-67.28	D. C. Daly	heptaphyllum	G_Davidse_15494	Protium heptaphyllum
G_Davidse	15614	6.6	-67.27	D. C. Daly	heptaphyllum	G_Davidse_15614	Protium heptaphyllum
G_Davidse	16019	6.78	-69.67	D. C. Daly	heptaphyllum	G_Davidse_16019	Protium heptaphyllum
G_Davidse	16268	8.492	-62.325	D. C. Daly	heptaphyllum	G_Davidse_16268	Protium heptaphyllum
G_Davidse	17266	3.63	-66.87	D. C. Daly	heptaphyllum	G_Davidse_17266	Protium heptaphyllum
G_Davidse	18310	9.43	-72.48	D. C. Daly	heptaphyllum	G_Davidse_18310	Protium heptaphyllum
G_Davidse	18576	9.23	-72.53	D. C. Daly	heptaphyllum	G_Davidse_18576	Protium heptaphyllum
G_Davidse	18748	9.22	-72.68	D. C. Daly	heptaphyllum	G_Davidse_18748	Protium heptaphyllum
G_Davidse	21858	7.167	-71.95	D. C. Daly	heptaphyllum	G_Davidse_21858	Protium heptaphyllum
G_Davidse	26820	1.08	-66.42	D. C. Daly	aracouchini	G_Davidse_26820	Protium aracouchini
G_Davidse	27010	0.83	-66.17	D. C. Daly	aracouchini	G_Davidse_27010	Protium aracouchini
G_Davidse	27135	0.83	-66.08	D. C. Daly	aracouchini	G_Davidse_27135	Protium aracouchini
G_Dos_Santos	682	-2.4826	-54.9423	D. C. Daly	heptaphyllum	G_Dos_Santos_682	Protium heptaphyllum
G_F_Arbocz	4473	-12.7386	-60.0511	D. C. Daly	aracouchini	G_F_Arbocz_4473	Protium aracouchini
G_L_Sobel	4590	-1.61232	-49.6395	D. C. Daly	heptaphyllum	G_L_Sobel_4590	Protium heptaphyllum
G_Martinelli	12279	-1.1646	-55.7591	D. C. Daly	heptaphyllum	G_Martinelli_12279	Protium heptaphyllum
G_Martinelli	12295	-1.1646	-55.7591	D. C. Daly	heptaphyllum	G_Martinelli_12295	Protium heptaphyllum
G_Meyer	144	-10.5373	-65.5843	D. C. Daly	aracouchini	G_Meyer_144	Protium aracouchini
G_Meyer	2	-10.5373	-65.5843	D. C. Daly	aracouchini	G_Meyer_2	Protium aracouchini
G_P_Lewis	739	-15.35	-39	D. C. Daly	heptaphyllum	G_P_Lewis_739	Protium heptaphyllum
G_S_Bunting	11022	9.5917	-72.8986	D. C. Daly	heptaphyllum	G_S_Bunting_11022	Protium heptaphyllum
G_S_Hartshorn	2419	-12.82	-69.28	D. C. Daly	aracouchini	G_S_Hartshorn_2419	Protium aracouchini
G_Sousa	384	-10.7692	-37.3369	D. C. Daly	heptaphyllum	G_Sousa_384	Protium heptaphyllum
G_T_Prance	11349	-2.58445	-60.0316	D. C. Daly	heptaphyllum	G_T_Prance_11349	Protium heptaphyllum
G_T_Prance	12425a	-7.5	-73.73	D. C. Daly	aracouchini	G_T_Prance_12425a	Protium aracouchini
G_T_Prance	13973	-7.25861	-64.7992	D. C. Daly	aracouchini	G_T_Prance_13973	Protium aracouchini
G_T_Prance	15036	-2.8275	-60.5089	D. C. Daly	aracouchini	G_T_Prance_15036	Protium aracouchini
G_T_Prance	15451	-0.618124	-65.2484	D. C. Daly	heptaphyllum	G_T_Prance_15451	Protium heptaphyllum
G_T_Prance	15675	-0.15184	-67.0059	D. C. Daly	heptaphyllum	G_T_Prance_15675	Protium heptaphyllum
G_T_Prance	15688	-0.15184	-67.0059	D. C. Daly	aracouchini	G_T_Prance_15688	Protium aracouchini
G_T_Prance	16156	-0.326324	-66.83	D. C. Daly	heptaphyllum	G_T_Prance_16156	Protium heptaphyllum
G_T_Prance	18038	-2.69966	-60.3529	D. C. Daly	aracouchini	G_T_Prance_18038	Protium aracouchini
G_T_Prance	18356	-10.2	-59.35	D. C. Daly	aracouchini	G_T_Prance_18356	Protium aracouchini
G_T_Prance	2039	-1.43447	-46.4695	D. C. Daly	heptaphyllum	G_T_Prance_2039	Protium heptaphyllum
G_T_Prance	21637	-1.981	-60.0292	D. C. Daly	aracouchini	G_T_Prance_21637	Protium aracouchini
G_T_Prance	21649	-2.45452	-60.0259	D. C. Daly	heptaphyllum	G_T_Prance_21649	Protium heptaphyllum
G_T_Prance	2190	-2.95487	-59.9282	D. C. Daly	aracouchini	G_T_Prance_2190	Protium aracouchini
G_T_Prance	23053	-2.43693	-60.0275	D. C. Daly	heptaphyllum	G_T_Prance_23053	Protium heptaphyllum
G_T_Prance	24234	-0.7794	-47.1811	D. C. Daly	heptaphyllum	G_T_Prance_24234	Protium heptaphyllum
G_T_Prance	30497	-2.47	-54.97	D. C. Daly	heptaphyllum	G_T_Prance_30497	Protium heptaphyllum
G_T_Prance	5792	-9.70355	-65.3748	D. C. Daly	aracouchini	G_T_Prance_5792	Protium aracouchini
G_T_Prance	58602	-6.5608	-47.4508	D. C. Daly	heptaphyllum	G_T_Prance_58602	Protium heptaphyllum
G_T_Prance	7556	-9.05	-68.67	D. C. Daly	aracouchini	G_T_Prance_7556	Protium aracouchini
G_T_Prance	8214	-7.27893	-64.7694	D. C. Daly	aracouchini	G_T_Prance_8214	Protium aracouchini
G_T_Prance	8295	-8.70772	-63.8138	D. C. Daly	aracouchini	G_T_Prance_8295	Protium aracouchini
G_T_Prance	9068	-2.6962	-59.6918	D. C. Daly	aracouchini	G_T_Prance_9068	Protium aracouchini
G_T_Prance	P24722	-3.26291	-52.366	D. C. Daly	aracouchini	G_T_Prance_P24722	Protium aracouchini
G_T_Prance	P25201	-8.7967	-54.9717	D. C. Daly	heptaphyllum	G_T_Prance_P25201	Protium heptaphyllum
G_T_Prance	P25496	-6.71396	-55.482	D. C. Daly	aracouchini	G_T_Prance_P25496	Protium aracouchini
G_Vieira	320	-9.1233	-62.9	D. C. Daly	aracouchini	G_Vieira_320	Protium aracouchini
G_Zimmermann	161	3.17	-65.55	D. C. Daly	aracouchini	G_Zimmermann_161	Protium aracouchini
G_Zimmermann	198	3.17	-65.55	D. C. Daly	heptaphyllum	G_Zimmermann_198	Protium heptaphyllum
G_Zimmermann	57	3.17	-65.55	D. C. Daly	aracouchini	G_Zimmermann_57	Protium aracouchini
H_C_de_Lima	2001	-21.0111	-40.8339	D. C. Daly	heptaphyllum	H_C_de_Lima_2001	Protium heptaphyllum
H_H_Rusby	1335	-10.7799	-65.3465	D. C. Daly	heptaphyllum	H_H_Rusby_1335	Protium heptaphyllum
H_Jiménez_Saa_	1685	5.1	-56.52	D. C. Daly	aracouchini	H_Jiménez_Saa_1685	Protium aracouchini
H_L_Clark	6750	1.93	-67.05	D. C. Daly	aracouchini	H_L_Clark_6750	Protium aracouchini
H_L_Clark	6962	1.93	-67.05	D. C. Daly	heptaphyllum	H_L_Clark_6962	Protium heptaphyllum
H_L_Clark	7243	1.93	-67.05	D. C. Daly	aracouchini	H_L_Clark_7243	Protium aracouchini
H_L_Clark	7285	1.93	-67.05	D. C. Daly	aracouchini	H_L_Clark_7285	Protium aracouchini
H_L_Clark	7368	1.93	-67.05	D. C. Daly	aracouchini	H_L_Clark_7368	Protium aracouchini
H_S_Irwin	5017	-1.45583	-48.5044	D. C. Daly	aracouchini	H_S_Irwin_5017	Protium aracouchini
H_S_Irwin	54576	3.642	-56.533	D. C. Daly	aracouchini	H_S_Irwin_54576	Protium aracouchini
I_Cordeiro	101	-0.7	-63.3667	D. C. Daly	heptaphyllum	I_Cordeiro_101	Protium heptaphyllum
I_Cordeiro	21	-0.0469494	-60.6863	D. C. Daly	heptaphyllum	I_Cordeiro_21	Protium heptaphyllum
I_Cordeiro	93	-0.7	-63.3667	D. C. Daly	heptaphyllum	I_Cordeiro_93	Protium heptaphyllum
I_G_Vargas_Caballero	5294	-17.5006	-63.6489	D. C. Daly	heptaphyllum	I_G_Vargas_Caballero_5294	Protium heptaphyllum
I_G_Vargas_Caballero	6202	-14.6267	-61.1989	D. C. Daly	heptaphyllum	I_G_Vargas_Caballero_6202	Protium heptaphyllum
I_L_do_Amaral	1686	0.82	-63.32	D. C. Daly	heptaphyllum	I_L_do_Amaral_1686	Protium heptaphyllum
I_L_do_Amaral	80	-3.30064	-64.7809	D. C. Daly	aracouchini	I_L_do_Amaral_80	Protium aracouchini
J_A_Ratter	R6879	-8.35	-50	D. C. Daly	heptaphyllum	J_A_Ratter_R6879	Protium heptaphyllum
J_A_Silva	201	0.7	-63.37	D. C. Daly	heptaphyllum	J_A_Silva_201	Protium heptaphyllum
J_A_Steyermark	111635	9.75	-70.25	D. C. Daly	heptaphyllum	J_A_Steyermark_111635	Protium heptaphyllum
J_A_Steyermark	113963	5.58	-66.17	D. C. Daly	heptaphyllum	J_A_Steyermark_113963	Protium heptaphyllum
J_A_Steyermark	117900	5.58	-66.17	D. C. Daly	heptaphyllum	J_A_Steyermark_117900	Protium heptaphyllum
J_A_Steyermark	119431	7.625	-71.78	D. C. Daly	aracouchini	J_A_Steyermark_119431	Protium aracouchini
J_A_Steyermark	122130	5.58	-67.25	D. C. Daly	aracouchini	J_A_Steyermark_122130	Protium aracouchini
J_A_Steyermark	95756	6	-65	D. C. Daly	heptaphyllum	J_A_Steyermark_95756	Protium heptaphyllum
J_Brandbyge	33968	-0.02	-76.18	D. C. Daly	aracouchini	J_Brandbyge_33968	Protium aracouchini
J_C_Betancur	9969	1.37325	-70.9086	D. C. Daly	heptaphyllum	J_C_Betancur_9969	Protium heptaphyllum
J_C_Lindeman	158	-4.5	-57.733	D. C. Daly	aracouchini	J_C_Lindeman_158	Protium aracouchini
J_C_Solomon	17176	-10.78	-65.97	D. C. Daly	aracouchini	J_C_Solomon_17176	Protium aracouchini
J_C_Solomon	6174	-11.08	-65.83	D. C. Daly	aracouchini	J_C_Solomon_6174	Protium aracouchini
J_C_Solomon	6178	-11.08	-65.83	D. C. Daly	aracouchini	J_C_Solomon_6178	Protium aracouchini
J_E_de_Paula	406	-2.95487	-59.9282	D. C. Daly	aracouchini	J_E_de_Paula_406	Protium aracouchini
J_E_L_S_Ribeiro	1403	-2.88333	-59.97	D. C. Daly	aracouchini	J_E_L_S_Ribeiro_1403	Protium aracouchini
J_E_L_S_Ribeiro	906	-2.88	-59.97	D. C. Daly	aracouchini	J_E_L_S_Ribeiro_906	Protium aracouchini
J_E_L_S_Ribeiro	971	-2.88	-59.97	D. C. Daly	aracouchini	J_E_L_S_Ribeiro_971	Protium aracouchini
J_F_Duivenvoorden	2736	-0.62	-72.4	D. C. Daly	heptaphyllum	J_F_Duivenvoorden_2736	Protium heptaphyllum
J_F_Duivenvoorden	603	-0.62	-72.4	D. C. Daly	heptaphyllum	J_F_Duivenvoorden_603	Protium heptaphyllum
J_G_Graham	2735	-7.9636	-73.8997	D. C. Daly	aracouchini	J_G_Graham_2735	Protium aracouchini
J_G_Jardim	2780	-13.5544	-39.0353	D. C. Daly	heptaphyllum	J_G_Jardim_2780	Protium heptaphyllum
J_G_Jardim	474	-11.2683	-37.4386	D. C. Daly	heptaphyllum	J_G_Jardim_474	Protium heptaphyllum
J_G_Jardim	573	-15.1056	-39.0083	D. C. Daly	aracouchini	J_G_Jardim_573	Protium aracouchini
J_Guillen	126	-15.0103	-61.1283	D. C. Daly	heptaphyllum	J_Guillen_126	Protium heptaphyllum
J_L_Hage	415	-13.5383	-39.0983	D. C. Daly	heptaphyllum	J_L_Hage_415	Protium heptaphyllum
J_L_Paixão	391	-15.2933	-39.0753	D. C. Daly	aracouchini	J_L_Paixão_391	Protium aracouchini
J_L_Zarucchi	2551	-1.981	-60.0292	D. C. Daly	heptaphyllum	J_L_Zarucchi_2551	Protium heptaphyllum
J_L_Zarucchi	3089	-3.71667	-57.2667	D. C. Daly	aracouchini	J_L_Zarucchi_3089	Protium aracouchini
J_L_Zarucchi	3458	5.32	-67.97	D. C. Daly	heptaphyllum	J_L_Zarucchi_3458	Protium heptaphyllum
J_L_Zarucchi	3522	5.2	-67.83	D. C. Daly	heptaphyllum	J_L_Zarucchi_3522	Protium heptaphyllum
J_L_Zarucchi	3775	5.22	-69.08	D. C. Daly	heptaphyllum	J_L_Zarucchi_3775	Protium heptaphyllum
J_L_Zarucchi	3833	5.12	-69.15	D. C. Daly	heptaphyllum	J_L_Zarucchi_3833	Protium heptaphyllum
J_M_Pires	10737	-1.44026	-48.4173	D. C. Daly	aracouchini	J_M_Pires_10737	Protium aracouchini
J_O_Ramírez	27	6.55	-66.833	D. C. Daly	heptaphyllum	J_O_Ramírez_27	Protium heptaphyllum
J_P_Souza	2411	-16.4497	-39.0644	D. C. Daly	aracouchini	J_P_Souza_2411	Protium aracouchini
J_R_M_Nascimento	s_n_	-2.32664	-60.0917	D. C. Daly	heptaphyllum	J_R_M_Nascimento_s_n_	Protium heptaphyllum
J_R_M_Nascimento	s_n	-2.39006	-59.9866	D. C. Daly	aracouchini	J_R_M_Nascimento_s_n	Protium aracouchini
J_R_Nascimento	732	-2.88333	-59.97	D. C. Daly	aracouchini	J_R_Nascimento_732	Protium aracouchini
J_R_Pirani	2382	-19.58	-39.8	D. C. Daly	heptaphyllum	J_R_Pirani_2382	Protium heptaphyllum
J_Ramos	1147	-3.7661	-49.6725	D. C. Daly	heptaphyllum	J_Ramos_1147	Protium heptaphyllum
J_Ramos	626	-3.7661	-49.6725	D. C. Daly	heptaphyllum	J_Ramos_626	Protium heptaphyllum
J_Ramos	883	-3.76457	-49.6736	D. C. Daly	heptaphyllum	J_Ramos_883	Protium heptaphyllum
J_Revilla	4352	-3.74805	-73.2472	D. C. Daly	heptaphyllum	J_Revilla_4352	Protium heptaphyllum
J_Revilla	8502	-3.7661	-49.6725	D. C. Daly	heptaphyllum	J_Revilla_8502	Protium heptaphyllum
J_Rosales	2038	7.01389	-64.9333	D. C. Daly	heptaphyllum	J_Rosales_2038	Protium heptaphyllum
J_Rosales	91	8	-64.75	D. C. Daly	heptaphyllum	J_Rosales_91	Protium heptaphyllum
J_S_Blanchet	1661	-15.1597	-39.0391	D. C. Daly	heptaphyllum	J_S_Blanchet_1661	Protium heptaphyllum
J_S_de_la_Cruz	4044	7.75	-60.25	D. C. Daly	heptaphyllum	J_S_de_la_Cruz_4044	Protium heptaphyllum
J_Velazco	1655	7.53	-65.3	D. C. Daly	heptaphyllum	J_Velazco_1655	Protium heptaphyllum
J_Velazco	228	7.08	-64.97	D. C. Daly	heptaphyllum	J_Velazco_228	Protium heptaphyllum
J_Velazco	736	4	-67.75	D. C. Daly	aracouchini	J_Velazco_736	Protium aracouchini
J_Velazco	750	4	-67.75	D. C. Daly	aracouchini	J_Velazco_750	Protium aracouchini
J_Velazco	82	7.87	-65.68	D. C. Daly	heptaphyllum	J_Velazco_82	Protium heptaphyllum
J_Velazco	848	3.07	-67.1	D. C. Daly	aracouchini	J_Velazco_848	Protium aracouchini
J_Zuleta	244	-0.52	-76.53	D. C. Daly	aracouchini	J_Zuleta_244	Protium aracouchini
K_Almeida	132	-8.0128	-34.9503	D. C. Daly	heptaphyllum	K_Almeida_132	Protium heptaphyllum
K_M_Redden	5733	6.28331	-60.4192	D. C. Daly	aracouchini	K_M_Redden_5733	Protium aracouchini
L_A_Delgado	1073	6.7	-64.23	D. C. Daly	aracouchini	L_A_Delgado_1073	Protium aracouchini
L_A_Delgado	1269	7.5	-65.27	D. C. Daly	heptaphyllum	L_A_Delgado_1269	Protium heptaphyllum
L_A_Delgado	270	6.15	-66.38	D. C. Daly	heptaphyllum	L_A_Delgado_270	Protium heptaphyllum
L_A_Delgado	778	4.5	-65.8	D. C. Daly	aracouchini	L_A_Delgado_778	Protium aracouchini
L_A_Mattos_Silva	1411	-14.7892	-39.0492	D. C. Daly	aracouchini	L_A_Mattos_Silva_1411	Protium aracouchini
L_A_Mattos_Silva	1705	-14.7892	-39.0492	D. C. Daly	heptaphyllum	L_A_Mattos_Silva_1705	Protium heptaphyllum
L_A_Mattos_Silva	1951	-13.5994	-39.1067	D. C. Daly	heptaphyllum	L_A_Mattos_Silva_1951	Protium heptaphyllum
L_A_Mattos_Silva	2004	-17.8919	-39.3717	D. C. Daly	heptaphyllum	L_A_Mattos_Silva_2004	Protium heptaphyllum
L_A_Mattos_Silva	2005	-17.8919	-39.3717	D. C. Daly	heptaphyllum	L_A_Mattos_Silva_2005	Protium heptaphyllum
L_A_Mattos_Silva	2949	-15.2933	-39.0753	D. C. Daly	heptaphyllum	L_A_Mattos_Silva_2949	Protium heptaphyllum
L_A_Mattos_Silva	4163	-18.0214	-39.5094	D. C. Daly	heptaphyllum	L_A_Mattos_Silva_4163	Protium heptaphyllum
L_A_Mattos_Silva	4606	-15.3153	-39.0056	D. C. Daly	aracouchini	L_A_Mattos_Silva_4606	Protium aracouchini
L_A_Pereira	126	-7.115	-34.8631	D. C. Daly	heptaphyllum	L_A_Pereira_126	Protium heptaphyllum
L_C_Bernacci	2608	-15.68	-52.33	D. C. Daly	heptaphyllum	L_C_Bernacci_2608	Protium heptaphyllum
L_Chacon	501	8.0856	-63.4753	D. C. Daly	heptaphyllum	L_Chacon_501	Protium heptaphyllum
L_F_Pérez_de_Molas	1572	-23.02	-57.07	D. C. Daly	heptaphyllum	L_F_Pérez_de_Molas_1572	Protium heptaphyllum
L_F_Pérez_de_Molas	1602	-23.03	-57.05	D. C. Daly	heptaphyllum	L_F_Pérez_de_Molas_1602	Protium heptaphyllum
L_J_Dorr	4696	8.483	-70.558	D. C. Daly	heptaphyllum	L_J_Dorr_4696	Protium heptaphyllum
L_J_Dorr	4739	8.525	-70.617	D. C. Daly	heptaphyllum	L_J_Dorr_4739	Protium heptaphyllum
L_O_A_Teixeira	1210	-7.75	-62.5333	D. C. Daly	aracouchini	L_O_A_Teixeira_1210	Protium aracouchini
L_O_A_Teixeira	13	-2.44306	-54.7083	D. C. Daly	heptaphyllum	L_O_A_Teixeira_13	Protium heptaphyllum
L_O_A_Teixeira	835	-9.16667	-63.1167	D. C. Daly	aracouchini	L_O_A_Teixeira_835	Protium aracouchini
L_R_Marinho	174_B	-5.36861	-49.1178	D. C. Daly	heptaphyllum	L_R_Marinho_174_B	Protium heptaphyllum
L_S_Coêlho	140	-1.1084	-57.2819	D. C. Daly	heptaphyllum	L_S_Coêlho_140	Protium heptaphyllum
L_S_Coêlho	217	-1.00387	-57.1288	D. C. Daly	aracouchini	L_S_Coêlho_217	Protium aracouchini
L_Salas	TT-125	6.35	-64.98	D. C. Daly	aracouchini	L_Salas_TT-125	Protium aracouchini
L_Salas	TT-77	6.35	-64.98	D. C. Daly	heptaphyllum	L_Salas_TT-77	Protium heptaphyllum
L_V_Ferreira	52	-2.52	-55	D. C. Daly	heptaphyllum	L_V_Ferreira_52	Protium heptaphyllum
L_A_Gomes	367	-10.5361	-37.0633	D. C. Daly	heptaphyllum	L_A_Gomes_367	Protium heptaphyllum
M_Aguilar	1163	-12.6564	-69.4192	D. C. Daly	aracouchini	M_Aguilar_1163	Protium aracouchini
M_Aparecida_da_Silva	2228	-17.2222	-46.8744	D. C. Daly	heptaphyllum	M_Aparecida_da_Silva_2228	Protium heptaphyllum
M_Aulestia	3189	-0.98	-76.2	D. C. Daly	aracouchini	M_Aulestia_3189	Protium aracouchini
M_Aulestia	633	-0.8	-76.5	D. C. Daly	aracouchini	M_Aulestia_633	Protium aracouchini
M_C_de_Assis	498	-10.2825	-59.6056	D. C. Daly	aracouchini	M_C_de_Assis_498	Protium aracouchini
M_Colella	1720	2.58	-66.3	D. C. Daly	aracouchini	M_Colella_1720	Protium aracouchini
M_de_N_do_C_Bastos	67	-0.875396	-48.5123	D. C. Daly	heptaphyllum	M_de_N_do_C_Bastos_67	Protium heptaphyllum
M_F_da_Silva	563	-3.43961	-59.9952	D. C. Daly	aracouchini	M_F_da_Silva_563	Protium aracouchini
M_Fleury	383	4.25	-53.25	D. C. Daly	heptaphyllum	M_Fleury_383	Protium heptaphyllum
M_G_da_Silva	3289	-11.0249	-58.3804	D. C. Daly	heptaphyllum	M_G_da_Silva_3289	Protium heptaphyllum
M_G_da_Silva	4312	-11.3783	-58.7408	D. C. Daly	aracouchini	M_G_da_Silva_4312	Protium aracouchini
M_G_da_Silva	4673	-11.3783	-58.7408	D. C. Daly	aracouchini	M_G_da_Silva_4673	Protium aracouchini
M_G_da_Silva	5503	-3.75105	-49.5473	D. C. Daly	heptaphyllum	M_G_da_Silva_5503	Protium heptaphyllum
M_G_da_Silva	5806	-3.75105	-49.5473	D. C. Daly	heptaphyllum	M_G_da_Silva_5806	Protium heptaphyllum
M_G_Vieira	1024	-12.75	-60.17	D. C. Daly	aracouchini	M_G_Vieira_1024	Protium aracouchini
M_H_Nee	33773	-17.57	-64.2417	D. C. Daly	heptaphyllum	M_H_Nee_33773	Protium heptaphyllum
M_H_Nee	34821	-10.9333	-65.15	D. C. Daly	aracouchini	M_H_Nee_34821	Protium aracouchini
M_H_Nee	35830	-17.68	-63.42	D. C. Daly	heptaphyllum	M_H_Nee_35830	Protium heptaphyllum
M_H_Nee	40229	-17.47	-63.67	D. C. Daly	heptaphyllum	M_H_Nee_40229	Protium heptaphyllum
M_H_Nee	41406	-13.57	-60.93	D. C. Daly	heptaphyllum	M_H_Nee_41406	Protium heptaphyllum
M_H_Nee	42628	-2.43418	-59.9048	D. C. Daly	aracouchini	M_H_Nee_42628	Protium aracouchini
M_H_Nee	42882	-2.43506	-59.811	D. C. Daly	aracouchini	M_H_Nee_42882	Protium aracouchini
M_H_Nee	49728	-17.38	-63.6	D. C. Daly	heptaphyllum	M_H_Nee_49728	Protium heptaphyllum
M_Hoff	5381	4.93	-52.3	D. C. Daly	heptaphyllum	M_Hoff_5381	Protium heptaphyllum
M_J_Jansen-Jacobs	6875	4.26837	-54.7435	D. C. Daly	aracouchini	M_J_Jansen-Jacobs_6875	Protium aracouchini
M_Kuhlmann	311	-1.32249	-47.6754	D. C. Daly	aracouchini	M_Kuhlmann_311	Protium aracouchini
M_L_Alencar	192_VPI	-0.42	-64.42	D. C. Daly	heptaphyllum	M_L_Alencar_192_VPI	Protium heptaphyllum
M_L_Alencar	463_VPI	-0.67	-66.75	D. C. Daly	heptaphyllum	M_L_Alencar_463_VPI	Protium heptaphyllum
M_L_Alencar	614	-0.33	-66.92	D. C. Daly	aracouchini	M_L_Alencar_614	Protium aracouchini
M_L_Alencar	703	-0.12	-67.08	D. C. Daly	aracouchini	M_L_Alencar_703	Protium aracouchini
M_L_Fonseca	1467	-14.4742	-48.4594	D. C. Daly	heptaphyllum	M_L_Fonseca_1467	Protium heptaphyllum
M_Lizarralde	ML288	9.6	-72.9167	D. C. Daly	heptaphyllum	M_Lizarralde_ML288	Protium heptaphyllum
M_Lopes	14	-1.91556	-59.4734	D. C. Daly	heptaphyllum	M_Lopes_14	Protium heptaphyllum
M_Lopes	148	-2.04881	-59.9132	D. C. Daly	heptaphyllum	M_Lopes_148	Protium heptaphyllum
M_M_Pignal	3062	-1.5742	-48.5011	D. C. Daly	aracouchini	M_M_Pignal_3062	Protium aracouchini
M_N_Alexiades	1251	-12.53	-68.67	D. C. Daly	aracouchini	M_N_Alexiades_1251	Protium aracouchini
M_Saldías_Paz	1275	-17.68	-63.42	D. C. Daly	heptaphyllum	M_Saldías_Paz_1275	Protium heptaphyllum
M_Saldías_Paz	13	-17.68	-63.42	D. C. Daly	heptaphyllum	M_Saldías_Paz_13	Protium heptaphyllum
M_Saldías_Paz	4807	-17.48	-63.65	D. C. Daly	heptaphyllum	M_Saldías_Paz_4807	Protium heptaphyllum
M_Sobral	4736	-19.1382	-39.9612	D. C. Daly	heptaphyllum	M_Sobral_4736	Protium heptaphyllum
M_T_Madison	6219	-0.58	-64.67	D. C. Daly	heptaphyllum	M_T_Madison_6219	Protium heptaphyllum
M_Velayos_Rodriguez	6477	0.8447	-72.6734	D. C. Daly	heptaphyllum	M_Velayos_Rodriguez_6477	Protium heptaphyllum
M_Yanez	449	3.45	-66.75	D. C. Daly	heptaphyllum	M_Yanez_449	Protium heptaphyllum
N_A_Rosa	1598	-3.57956	-64.775	D. C. Daly	heptaphyllum	N_A_Rosa_1598	Protium heptaphyllum
N_A_Rosa	2062	-8.97561	-58.5977	D. C. Daly	aracouchini	N_A_Rosa_2062	Protium aracouchini
N_A_Rosa	648	-7.6311	-72.6697	D. C. Daly	heptaphyllum	N_A_Rosa_648	Protium heptaphyllum
N_A_Rosa	679	-7.6311	-72.6697	D. C. Daly	aracouchini	N_A_Rosa_679	Protium aracouchini
N_C_A_Pitman	1596_A	-0.52	-76.53	D. C. Daly	aracouchini	N_C_A_Pitman_1596_A	Protium aracouchini
N_Cuello_A_	629	6.18097	-67.0797	D. C. Daly	aracouchini	N_Cuello_A_629	Protium aracouchini
N_Dezzeo	384	3.5	-65.25	D. C. Daly	aracouchini	N_Dezzeo_384	Protium aracouchini
N_M_Lepsch_da_Cunha	249	-2.41625	-59.7458	D. C. Daly	aracouchini	N_M_Lepsch_da_Cunha_249	Protium aracouchini
N_T_da_Silva	4498	-3.3822	-57.7161	D. C. Daly	heptaphyllum	N_T_da_Silva_4498	Protium heptaphyllum
N_T_da_Silva	4579	-0.579948	-60.6187	D. C. Daly	heptaphyllum	N_T_da_Silva_4579	Protium heptaphyllum
O_Buchtien	2071	-15.4004	-68.1834	D. C. Daly	heptaphyllum	O_Buchtien_2071	Protium heptaphyllum
O_C_Nascimento	62	0.281953	-68.6706	D. C. Daly	heptaphyllum	O_C_Nascimento_62	Protium heptaphyllum
O_Huber	12058	6.55	-66.833	D. C. Daly	heptaphyllum	O_Huber_12058	Protium heptaphyllum
O_Huber	1431	5.78	-67.5	D. C. Daly	heptaphyllum	O_Huber_1431	Protium heptaphyllum
O_Huber	1671	3.67	-66.83	D. C. Daly	heptaphyllum	O_Huber_1671	Protium heptaphyllum
O_Huber	1998	4.05	-66.82	D. C. Daly	heptaphyllum	O_Huber_1998	Protium heptaphyllum
O_Huber	3419	2.95	-67.48	D. C. Daly	heptaphyllum	O_Huber_3419	Protium heptaphyllum
O_Huber	4741	5.8	-67.33	D. C. Daly	heptaphyllum	O_Huber_4741	Protium heptaphyllum
O_Huber	4908	3.58	-67.18	D. C. Daly	heptaphyllum	O_Huber_4908	Protium heptaphyllum
O_Huber	5014	3.18	-65.62	D. C. Daly	heptaphyllum	O_Huber_5014	Protium heptaphyllum
O_Huber	5159	3.55	-67.2	D. C. Daly	heptaphyllum	O_Huber_5159	Protium heptaphyllum
O_Huber	6406	3.3	-66.55	D. C. Daly	heptaphyllum	O_Huber_6406	Protium heptaphyllum
O_Huber	717	5.62	-67.6	D. C. Daly	heptaphyllum	O_Huber_717	Protium heptaphyllum
O_Huber	773	5.62	-67.6	D. C. Daly	heptaphyllum	O_Huber_773	Protium heptaphyllum
O_Huber	960	5.78	-67.5	D. C. Daly	heptaphyllum	O_Huber_960	Protium heptaphyllum
O_Marulanda	1835	2.27	-73.73	D. C. Daly	aracouchini	O_Marulanda_1835	Protium aracouchini
O_P_Monteiro	290	-2.95487	-59.9282	D. C. Daly	aracouchini	O_P_Monteiro_290	Protium aracouchini
P_A_C_L_Assunção	22	-2.95487	-59.9282	D. C. Daly	aracouchini	P_A_C_L_Assunção_22	Protium aracouchini
P_A_Mutchnick	1380	4.65	-59.8	D. C. Daly	heptaphyllum	P_A_Mutchnick_1380	Protium heptaphyllum
P_A_Mutchnick	1546	4.65	-59.8	D. C. Daly	heptaphyllum	P_A_Mutchnick_1546	Protium heptaphyllum
P_A_Mutchnick	1618	4.65	-59.8	D. C. Daly	heptaphyllum	P_A_Mutchnick_1618	Protium heptaphyllum
P_A_Mutchnick	887	4.15	-59.03	D. C. Daly	heptaphyllum	P_A_Mutchnick_887	Protium heptaphyllum
P_Acevedo-Rodríguez	10446	2.9117	-67.4486	D. C. Daly	heptaphyllum	P_Acevedo-Rodríguez_10446	Protium heptaphyllum
P_B_Cavalcante	650	0.076046	-67.3019	D. C. Daly	aracouchini	P_B_Cavalcante_650	Protium aracouchini
P_da_C_Gadelha_Neto	3316	-6.5022	-34.9769	D. C. Daly	heptaphyllum	P_da_C_Gadelha_Neto_3316	Protium heptaphyllum
P_da_C_Gadelha_Neto	3409	-7.4614	-34.9692	D. C. Daly	aracouchini	P_da_C_Gadelha_Neto_3409	Protium aracouchini
P_E_Berry	5124	4.34028	-67.7367	D. C. Daly	heptaphyllum	P_E_Berry_5124	Protium heptaphyllum
P_E_Berry	5209	4.3925	-67.7408	D. C. Daly	heptaphyllum	P_E_Berry_5209	Protium heptaphyllum
P_Fiaschi	1330	-15.55	-38.97	D. C. Daly	heptaphyllum	P_Fiaschi_1330	Protium heptaphyllum
P_Fiaschi	1728	-14.48	-39.1	D. C. Daly	aracouchini	P_Fiaschi_1728	Protium aracouchini
P_Fiaschi	2049	-14.4997	-39.115	D. C. Daly	aracouchini	P_Fiaschi_2049	Protium aracouchini
P_Fiaschi	2058	-14.4997	-39.115	D. C. Daly	aracouchini	P_Fiaschi_2058	Protium aracouchini
P_Fiaschi	2221	-14.3867	-39.0792	D. C. Daly	aracouchini	P_Fiaschi_2221	Protium aracouchini
P_Fiaschi	2521	-13.3289	-39.0903	D. C. Daly	aracouchini	P_Fiaschi_2521	Protium aracouchini
P_G_Delprete	8157	-7.4008	-73.0189	D. C. Daly	heptaphyllum	P_G_Delprete_8157	Protium heptaphyllum
P_J_M_Maas	502	-3.07864	-60.0064	D. C. Daly	heptaphyllum	P_J_M_Maas_502	Protium heptaphyllum
P_J_M_Maas	6994	-16.3721	-39.1816	D. C. Daly	heptaphyllum	P_J_M_Maas_6994	Protium heptaphyllum
P_J_M_Maas	7018	-16.3721	-39.1816	D. C. Daly	aracouchini	P_J_M_Maas_7018	Protium aracouchini
P_J_M_Maas	8659	-11	-65.75	D. C. Daly	aracouchini	P_J_M_Maas_8659	Protium aracouchini
P_J_M_Maas	8981	-7.4728	-72.8214	D. C. Daly	heptaphyllum	P_J_M_Maas_8981	Protium heptaphyllum
P_J_M_Maas	P12854	-7.63111	-72.67	D. C. Daly	aracouchini	P_J_M_Maas_P12854	Protium aracouchini
P_L_B_Lisboa	1326	-3.75105	-49.5473	D. C. Daly	heptaphyllum	P_L_B_Lisboa_1326	Protium heptaphyllum
P_V_A_Fine	295	-3.94222	-73.4083	D. C. Daly	heptaphyllum	P_V_A_Fine_295	Protium heptaphyllum
P_V_A_Fine	414	-3.95	-73.42	D. C. Daly	heptaphyllum	P_V_A_Fine_414	Protium heptaphyllum
R_A_X_Borges	759	-13.5886	-38.9197	D. C. Daly	aracouchini	R_A_X_Borges_759	Protium aracouchini
R_C_de_Mendonça	3626	-15.8189	-48.9886	D. C. Daly	heptaphyllum	R_C_de_Mendonça_3626	Protium heptaphyllum
R_Callejas_Posada	5501	7.5	-75.33	D. C. Daly	aracouchini	R_Callejas_Posada_5501	Protium aracouchini
R_Callejas_Posada	8105	7.02	-74.75	D. C. Daly	aracouchini	R_Callejas_Posada_8105	Protium aracouchini
R_Callejas_Posada	9226	7.08	-74.93	D. C. Daly	aracouchini	R_Callejas_Posada_9226	Protium aracouchini
R_Callejas_Posada	9236	7.08	-74.93	D. C. Daly	aracouchini	R_Callejas_Posada_9236	Protium aracouchini
R_Evans	3391	3.0944	-56.4847	D. C. Daly	heptaphyllum	R_Evans_3391	Protium heptaphyllum
R_Gómez	492	6.97	-67.6103	D. C. Daly	heptaphyllum	R_Gómez_492	Protium heptaphyllum
R_Gómez	589	6.592	-67.275	D. C. Daly	heptaphyllum	R_Gómez_589	Protium heptaphyllum
R_Gómez	595	6.592	-67.275	D. C. Daly	heptaphyllum	R_Gómez_595	Protium heptaphyllum
R_Guillén	2305	-14.5583	-60.7614	D. C. Daly	heptaphyllum	R_Guillén_2305	Protium heptaphyllum
R_Guillén	2441	-14.7	-61.15	D. C. Daly	heptaphyllum	R_Guillén_2441	Protium heptaphyllum
R_Guillén	2491	-14.7	-61.15	D. C. Daly	heptaphyllum	R_Guillén_2491	Protium heptaphyllum
R_Guillén	2821	-16.4601	-61.9892	D. C. Daly	heptaphyllum	R_Guillén_2821	Protium heptaphyllum
R_Guillén	4464	-15.0103	-61.1283	D. C. Daly	heptaphyllum	R_Guillén_4464	Protium heptaphyllum
R_L_Liesner	11022	7.77	-63	D. C. Daly	aracouchini	R_L_Liesner_11022	Protium aracouchini
R_L_Liesner	11194	7.58	-63.12	D. C. Daly	heptaphyllum	R_L_Liesner_11194	Protium heptaphyllum
R_L_Liesner	11565	7.78	-71.77	D. C. Daly	heptaphyllum	R_L_Liesner_11565	Protium heptaphyllum
R_L_Liesner	12547	9	-69.9	D. C. Daly	heptaphyllum	R_L_Liesner_12547	Protium heptaphyllum
R_L_Liesner	17914	3.73333	-65.7333	D. C. Daly	aracouchini	R_L_Liesner_17914	Protium aracouchini
R_L_Liesner	3496	1.93	-67.07	D. C. Daly	aracouchini	R_L_Liesner_3496	Protium aracouchini
R_L_Liesner	5959	7.17	-62.92	D. C. Daly	heptaphyllum	R_L_Liesner_5959	Protium heptaphyllum
R_L_Liesner	7073	1.93	-67.05	D. C. Daly	heptaphyllum	R_L_Liesner_7073	Protium heptaphyllum
R_L_Liesner	8848	1.85	-67.05	D. C. Daly	aracouchini	R_L_Liesner_8848	Protium aracouchini
R_L_Liesner	9112	1.95	-67.13	D. C. Daly	heptaphyllum	R_L_Liesner_9112	Protium heptaphyllum
R_L_Liesner	9358	7.68	-71.48	D. C. Daly	heptaphyllum	R_L_Liesner_9358	Protium heptaphyllum
R_M_Harley	17946	-17.5	-39.22	D. C. Daly	heptaphyllum	R_M_Harley_17946	Protium heptaphyllum
R_M_Harley	18254	-15.32	-39.02	D. C. Daly	heptaphyllum	R_M_Harley_18254	Protium heptaphyllum
R_M_Harley	22435	-12.5	-41.37	D. C. Daly	heptaphyllum	R_M_Harley_22435	Protium heptaphyllum
R_P_Belém	1441	-18.0867	-39.5506	D. C. Daly	aracouchini	R_P_Belém_1441	Protium aracouchini
R_P_Belém	3051	-14.1333	-39	D. C. Daly	heptaphyllum	R_P_Belém_3051	Protium heptaphyllum
R_P_Belém	3274	-15.86	-38.88	D. C. Daly	heptaphyllum	R_P_Belém_3274	Protium heptaphyllum
R_R_Rodrigues	85	-23.3503	-47.68	D. C. Daly	heptaphyllum	R_R_Rodrigues_85	Protium heptaphyllum
R_S_Pinheiro	1776	-17.5194	-39.19	D. C. Daly	heptaphyllum	R_S_Pinheiro_1776	Protium heptaphyllum
R_S_Rodrigues	s_n	-1.45583	-48.5044	D. C. Daly	aracouchini	R_S_Rodrigues_s_n	Protium aracouchini
R_Spruce	2321	-0.1306	-67.0892	D. C. Daly	aracouchini	R_Spruce_2321	Protium aracouchini
R_Valencia	67484	0	-76.2	D. C. Daly	aracouchini	R_Valencia_67484	Protium aracouchini
R_Vásquez_Martínez	10964	-3.8	-73.42	D. C. Daly	aracouchini	R_Vásquez_Martínez_10964	Protium aracouchini
R_Vásquez_Martínez	6134	-3.92	-73.58	D. C. Daly	aracouchini	R_Vásquez_Martínez_6134	Protium aracouchini
R_Vásquez_Martínez	7105	-4.17	-73.5	D. C. Daly	heptaphyllum	R_Vásquez_Martínez_7105	Protium heptaphyllum
R_Vásquez_Martínez	8180	-3.33	-72.92	D. C. Daly	aracouchini	R_Vásquez_Martínez_8180	Protium aracouchini
R_Vásquez_Martínez	9656	-3.8	-73.42	D. C. Daly	heptaphyllum	R_Vásquez_Martínez_9656	Protium heptaphyllum
S_A_Mori	10322	-16.3721	-39.1816	D. C. Daly	aracouchini	S_A_Mori_10322	Protium aracouchini
S_A_Mori	11899	-15.1467	-39.2504	D. C. Daly	aracouchini	S_A_Mori_11899	Protium aracouchini
S_A_Mori	13744	-15.1149	-39.1202	D. C. Daly	aracouchini	S_A_Mori_13744	Protium aracouchini
S_A_Mori	19168	3.63	-53.2	D. C. Daly	aracouchini	S_A_Mori_19168	Protium aracouchini
S_A_Mori	20543	-2.41625	-59.7458	D. C. Daly	aracouchini	S_A_Mori_20543	Protium aracouchini
S_A_Mori	22433	-2.69966	-60.3529	D. C. Daly	heptaphyllum	S_A_Mori_22433	Protium heptaphyllum
S_A_Mori	8640	4.72902	-56.2024	D. C. Daly	aracouchini	S_A_Mori_8640	Protium aracouchini
S_A_Mori	8656	4.68	-56.17	D. C. Daly	heptaphyllum	S_A_Mori_8656	Protium heptaphyllum
S_A_Mori	8669	4.68	-56.17	D. C. Daly	heptaphyllum	S_A_Mori_8669	Protium heptaphyllum
S_A_Mori	9730	-17.3411	-39.2206	D. C. Daly	aracouchini	S_A_Mori_9730	Protium aracouchini
S_C_de_Sant_Ana	279	-15.15	-39.08	D. C. Daly	aracouchini	S_C_de_Sant_Ana_279	Protium aracouchini
S_C_de_Sant_Ana	296	-13.6869	-39.4792	D. C. Daly	aracouchini	S_C_de_Sant_Ana_296	Protium aracouchini
S_C_de_Sant_Ana	488	-11.2939	-38.19	D. C. Daly	heptaphyllum	S_C_de_Sant_Ana_488	Protium heptaphyllum
S_D_Knapp	7917	-6.48	-76.35	D. C. Daly	aracouchini	S_D_Knapp_7917	Protium aracouchini
S_de_Souza_Silva	23	-13.9267	-49.2969	D. C. Daly	heptaphyllum	S_de_Souza_Silva_23	Protium heptaphyllum
S_Elcoro	303	5.37	-64.93	D. C. Daly	aracouchini	S_Elcoro_303	Protium aracouchini
S_Elcoro	4	3.98	-67.63	D. C. Daly	heptaphyllum	S_Elcoro_4	Protium heptaphyllum
S_F_Smith	658	-12.83	-69.33	D. C. Daly	aracouchini	S_F_Smith_658	Protium aracouchini
S_Flores	136	8	-64.75	D. C. Daly	heptaphyllum	S_Flores_136	Protium heptaphyllum
S_G_da_Fonsêca	422	-12.9064	-51.875	D. C. Daly	heptaphyllum	S_G_da_Fonsêca_422	Protium heptaphyllum
S_G_Freire	47	-7.8389	-35.0028	D. C. Daly	aracouchini	S_G_Freire_47	Protium aracouchini
S_Panfil	1326	-13.9	-60.82	D. C. Daly	heptaphyllum	S_Panfil_1326	Protium heptaphyllum
S_R_Madriñán	1114	1.25	-70.85	D. C. Daly	heptaphyllum	S_R_Madriñán_1114	Protium heptaphyllum
S_T_McDaniel	11937	-3.37	-64.87	D. C. Daly	aracouchini	S_T_McDaniel_11937	Protium aracouchini
T_B_Cavalcanti	1759	-17.77	-48.47	D. C. Daly	heptaphyllum	T_B_Cavalcanti_1759	Protium heptaphyllum
T_B_Croat	51673	-15.45	-67.83	D. C. Daly	heptaphyllum	T_B_Croat_51673	Protium heptaphyllum
T_B_Croat	59300	0.83	-66.17	D. C. Daly	aracouchini	T_B_Croat_59300	Protium aracouchini
T_B_Croat	62201	-2.58445	-60.0316	D. C. Daly	heptaphyllum	T_B_Croat_62201	Protium heptaphyllum
T_C_Plowman	12425	-3.34502	-64.8239	D. C. Daly	aracouchini	T_C_Plowman_12425	Protium aracouchini
T_C_Plowman	12670	-2.58445	-60.0316	D. C. Daly	heptaphyllum	T_C_Plowman_12670	Protium heptaphyllum
T_C_Plowman	13684	1.94895	-67.0004	D. C. Daly	aracouchini	T_C_Plowman_13684	Protium aracouchini
T_D_Pennington	P22643	-2.98757	-58.8775	D. C. Daly	aracouchini	T_D_Pennington_P22643	Protium aracouchini
T_D_Pennington	P22646	-2.98757	-58.8775	D. C. Daly	aracouchini	T_D_Pennington_P22646	Protium aracouchini
T_J_Killeen	2813	-18.33	-59.67	D. C. Daly	heptaphyllum	T_J_Killeen_2813	Protium heptaphyllum
T_J_Killeen	5072	-14.8031	-60.393	D. C. Daly	heptaphyllum	T_J_Killeen_5072	Protium heptaphyllum
T_J_Killeen	6914	-14.7171	-61.1628	D. C. Daly	heptaphyllum	T_J_Killeen_6914	Protium heptaphyllum
T_J_Killeen	7328	-16.4759	-60.9818	D. C. Daly	heptaphyllum	T_J_Killeen_7328	Protium heptaphyllum
T_J_Killeen	7445	-14.5661	-60.7728	D. C. Daly	heptaphyllum	T_J_Killeen_7445	Protium heptaphyllum
T_McDowell	3195	5.8	-60.73	D. C. Daly	heptaphyllum	T_McDowell_3195	Protium heptaphyllum
T_S_dos_Santos	307	-15.2189	-39.2481	D. C. Daly	aracouchini	T_S_dos_Santos_307	Protium aracouchini
T_S_dos_Santos	469	-15.2189	-39.2481	D. C. Daly	aracouchini	T_S_dos_Santos_469	Protium aracouchini
T_W_Henkel	3064	2.18	-59.18	D. C. Daly	heptaphyllum	T_W_Henkel_3064	Protium heptaphyllum
T_W_Henkel	3078	2.05	-59.15	D. C. Daly	heptaphyllum	T_W_Henkel_3078	Protium heptaphyllum
T_W_Henkel	5428	4.8	-60.03	D. C. Daly	heptaphyllum	T_W_Henkel_5428	Protium heptaphyllum
U_N_Maciel	378	-4.43644	-47.5385	D. C. Daly	aracouchini	U_N_Maciel_378	Protium aracouchini
V_C_Souza	18681	-10.37	-58.78	D. C. Daly	aracouchini	V_C_Souza_18681	Protium aracouchini
V_C_Souza	21486	-14.4517	-48.5366	D. C. Daly	heptaphyllum	V_C_Souza_21486	Protium heptaphyllum
W_A_Diaz	2444	7.45	-63.22	D. C. Daly	heptaphyllum	W_A_Diaz_2444	Protium heptaphyllum
W_A_Diaz	2629	8.108	-63.492	D. C. Daly	heptaphyllum	W_A_Diaz_2629	Protium heptaphyllum
W_A_Diaz	4791	5.5578	-64.3136	D. C. Daly	heptaphyllum	W_A_Diaz_4791	Protium heptaphyllum
W_A_Diaz	5236	3.9133	-67.5519	D. C. Daly	heptaphyllum	W_A_Diaz_5236	Protium heptaphyllum
W_A_Ducke	1397	-3.1019	-60.025	D. C. Daly	heptaphyllum	W_A_Ducke_1397	Protium heptaphyllum
W_A_Ducke	1398	-3.1019	-60.025	D. C. Daly	heptaphyllum	W_A_Ducke_1398	Protium heptaphyllum
W_A_Ducke	1399	-3.08825	-59.9867	D. C. Daly	aracouchini	W_A_Ducke_1399	Protium aracouchini
W_A_Ducke	338	-0.45	-64	D. C. Daly	heptaphyllum	W_A_Ducke_338	Protium heptaphyllum
W_A_Ducke	s_n	-3.75626	-73.2825	D. C. Daly	aracouchini	W_A_Ducke_s_n	Protium aracouchini
W_A_Palacios	1359	-1.13	-77.5	D. C. Daly	aracouchini	W_A_Palacios_1359	Protium aracouchini
W_A_Palacios	2838	-1.07	-77.62	D. C. Daly	aracouchini	W_A_Palacios_2838	Protium aracouchini
W_A_Palacios	4226	-1.07	-77.6	D. C. Daly	aracouchini	W_A_Palacios_4226	Protium aracouchini
W_A_Palacios	9105	-0.03	-76.22	D. C. Daly	aracouchini	W_A_Palacios_9105	Protium aracouchini
W_A_Rodrigues	10689	-0.116667	-67.05	D. C. Daly	aracouchini	W_A_Rodrigues_10689	Protium aracouchini
W_A_Rodrigues	2188_B	-3.05183	-60.0988	D. C. Daly	heptaphyllum	W_A_Rodrigues_2188_B	Protium heptaphyllum
W_A_Rodrigues	3270	-3.05183	-60.0988	D. C. Daly	heptaphyllum	W_A_Rodrigues_3270	Protium heptaphyllum
W_A_Rodrigues	4716	-3.05183	-60.0988	D. C. Daly	heptaphyllum	W_A_Rodrigues_4716	Protium heptaphyllum
W_A_Rodrigues	4718	-3.05183	-60.0988	D. C. Daly	heptaphyllum	W_A_Rodrigues_4718	Protium heptaphyllum
W_A_Rodrigues	5319	-2.95487	-59.9282	D. C. Daly	aracouchini	W_A_Rodrigues_5319	Protium aracouchini
W_A_Rodrigues	6845	-2.95487	-59.9282	D. C. Daly	aracouchini	W_A_Rodrigues_6845	Protium aracouchini
W_A_Rodrigues	8652	-3.05183	-60.0988	D. C. Daly	heptaphyllum	W_A_Rodrigues_8652	Protium heptaphyllum
W_A_Rodrigues	9516	-2.94201	-59.2828	D. C. Daly	aracouchini	W_A_Rodrigues_9516	Protium aracouchini
W_A_Rodrigues	s_n	-3.10194	-60.025	D. C. Daly	heptaphyllum	W_A_Rodrigues_s_n	Protium heptaphyllum
W_C_Steward	P20288	-1.85958	-60.086	D. C. Daly	aracouchini	W_C_Steward_P20288	Protium aracouchini
W_L_Balée	1538	-1.2	-46.1167	D. C. Daly	aracouchini	W_L_Balée_1538	Protium aracouchini
W_L_Balée	2234	-3.4919	-45.2508	D. C. Daly	heptaphyllum	W_L_Balée_2234	Protium heptaphyllum
W_L_Balée	2266	-3.4919	-45.2508	D. C. Daly	heptaphyllum	W_L_Balée_2266	Protium heptaphyllum
W_L_Balée	2268	-3.4919	-45.2508	D. C. Daly	heptaphyllum	W_L_Balée_2268	Protium heptaphyllum
W_L_Balée	288	-3.4919	-45.2508	D. C. Daly	aracouchini	W_L_Balée_288	Protium aracouchini
W_L_Balée	3075	-2.72	-46.43	D. C. Daly	heptaphyllum	W_L_Balée_3075	Protium heptaphyllum
W_L_Balée	361	-3.4919	-45.2508	D. C. Daly	aracouchini	W_L_Balée_361	Protium aracouchini
W_Meier	2359	7	-66.75	D. C. Daly	heptaphyllum	W_Meier_2359	Protium heptaphyllum
W_Meier	2697	7	-64.83	D. C. Daly	heptaphyllum	W_Meier_2697	Protium heptaphyllum
W_Meier	6956	10.18	-68.125	D. C. Daly	heptaphyllum	W_Meier_6956	Protium heptaphyllum
W_Meier	6962	10.18	-68.125	D. C. Daly	heptaphyllum	W_Meier_6962	Protium heptaphyllum
W_Meier	7171	10.18	-68.12	D. C. Daly	heptaphyllum	W_Meier_7171	Protium heptaphyllum
W_R_Anderson	10642	-7.58	-57.52	D. C. Daly	aracouchini	W_R_Anderson_10642	Protium aracouchini
W_W_Thomas	10529	-14.7819	-39.0692	D. C. Daly	aracouchini	W_W_Thomas_10529	Protium aracouchini
W_W_Thomas	11249	-15.2647	-40.5747	D. C. Daly	aracouchini	W_W_Thomas_11249	Protium aracouchini
W_W_Thomas	11635	-16.8753	-39.1442	D. C. Daly	heptaphyllum	W_W_Thomas_11635	Protium heptaphyllum
W_W_Thomas	11993	-16.8672	-39.415	D. C. Daly	aracouchini	W_W_Thomas_11993	Protium aracouchini
W_W_Thomas	3192	0.83	-66.13	D. C. Daly	aracouchini	W_W_Thomas_3192	Protium aracouchini
W_W_Thomas	3221	0.83	-66.12	D. C. Daly	aracouchini	W_W_Thomas_3221	Protium aracouchini
W_W_Thomas	3840	-12.3	-55.53	D. C. Daly	heptaphyllum	W_W_Thomas_3840	Protium heptaphyllum
W_W_Thomas	3852	-12.3	-55.53	D. C. Daly	heptaphyllum	W_W_Thomas_3852	Protium heptaphyllum
W_W_Thomas	3856	-12.3	-55.53	D. C. Daly	heptaphyllum	W_W_Thomas_3856	Protium heptaphyllum
W_W_Thomas	4664	-15.47	-59.03	D. C. Daly	heptaphyllum	W_W_Thomas_4664	Protium heptaphyllum
W_W_Thomas	4977	-9	-63.25	D. C. Daly	aracouchini	W_W_Thomas_4977	Protium aracouchini
W_W_Thomas	5076	-9.08333	-63.2167	D. C. Daly	aracouchini	W_W_Thomas_5076	Protium aracouchini
W_W_Thomas	5152	-8.82	-63.4	D. C. Daly	aracouchini	W_W_Thomas_5152	Protium aracouchini
W_W_Thomas	5332	-1.83	-59.53	D. C. Daly	aracouchini	W_W_Thomas_5332	Protium aracouchini
W_W_Thomas	7165	-14.4231	-39.0617	D. C. Daly	aracouchini	W_W_Thomas_7165	Protium aracouchini
W_W_Thomas	8910	-10.6875	-37.3889	D. C. Daly	heptaphyllum	W_W_Thomas_8910	Protium heptaphyllum
W_W_Thomas	9112	-14.68	-39.15	D. C. Daly	heptaphyllum	W_W_Thomas_9112	Protium heptaphyllum
W_W_Thomas	9274	-13.5972	-39.7222	D. C. Daly	aracouchini	W_W_Thomas_9274	Protium aracouchini
W_W_Thomas	9553	-14.67	-39.1	D. C. Daly	heptaphyllum	W_W_Thomas_9553	Protium heptaphyllum
W_W_Thomas	9989	-17.33	-39.3	D. C. Daly	heptaphyllum	W_W_Thomas_9989	Protium heptaphyllum
Y_Fernandez	398	6.23	-64.2	D. C. Daly	aracouchini	Y_Fernandez_398	Protium aracouchini
